844023286185,13173.573000000006,-5197.71,31,5,13,9056.8382765969982,-3672.9215559833142,19.599017300200376,34.752259417613594,0.0
844023286220,12762.113099999993,-5071.6199999999999,22,29,17,8745.569135487196,-3596.0668264581413,19.604751479519834,34.744735861938089,0.0
844023286265,12829.7961,-5323.8000000000002,12,19,12,8796.5442088660766,-3755.6875233010132,19.599073755588012,34.744737923062459,0.0
844023286685,13151.949599999996,-5113.6499999999996,17,23,14,9006.444856120741,-3600.1989875553454,19.60173444709703,34.75196548830489,0.0
844023286790,13090.946999999993,-5071.6199999999999,19,26,11,8966.6473275563258,-3562.8791006516249,19.603320847963424,34.751323203210283,0.0
844023287465,13017.023099999993,-5015.5799999999999,22,29,8,8920.8308194682759,-3544.5302337393014,19.604158538855042,34.750773255505031,0.0
844023287635,13227.983099999994,-5001.5699999999997,22,28,17,9064.4435457216514,-3521.5589375572426,19.603324679623491,34.754884812865484,0.0
844023287895,12892.380899999991,-4973.5500000000002,16,23,15,8826.4343950665152,-3505.7086604405749,19.606246003718539,34.748925604492086,0.0
844023288580,13062.379499999992,-5323.8000000000002,26,0,13,8973.2345694637133,-3799.5802076542072,19.595035634126877,34.750721787989313,0.0
844023288695,12782.242200000001,-5043.6000000000004,15,22,17,8750.7644650310467,-3554.0181383969434,19.605229735804613,34.747050211633713,0.0
844023288835,13039.2618,-4987.5599999999995,23,30,17,8938.1935719619651,-3566.7558842950807,19.602803759644498,34.751981704472641,0.0
844023289085,12834.454800000005,-5407.8599999999997,13,20,12,8799.7727911477323,-3811.1716495066512,19.596318911594047,34.746390083009679,0.0
844023289915,12714.471299999994,-5183.6999999999998,8,15,17,8707.4980998725932,-3657.2270149411515,19.60189545019853,34.745930143561715,0.0
844023290000,13009.639499999992,-4875.4799999999996,26,1,17,8928.4428945190921,-3469.436838178663,19.605567536281143,34.753450529639842,0.0
844023290415,13204.162200000001,-4819.4399999999996,15,22,12,9044.8360969171899,-3389.4455226586597,19.606790331191355,34.75746686260689,0.0
844023290815,12640.459499999992,-5029.5900000000001,26,1,21,8681.3321104739935,-3567.2282878173846,19.604786092779886,34.746577209620519,0.0
844023291455,13147.203000000005,-5057.6099999999997,31,5,13,9036.8736111461712,-3572.6715552027231,19.600716108450914,34.75629699213048,0.0
844023292105,12677.289599999996,-4749.3900000000003,17,24,16,8681.2428163978657,-3346.1739282740618,19.61160454428645,34.749243505063852,0.0
844023292335,13058.775599999994,-4945.5299999999997,29,4,16,8964.8503817586479,-3499.4886938017662,19.603664934054443,34.755521091678531,0.0
844023292915,12578.489999999998,-5253.75,9,16,5,8617.3209893031926,-3699.045643599577,19.60083749695012,34.744916108366489,0.0
844023293175,12909.873000000005,-4833.4499999999998,31,6,18,8875.5059605092083,-3416.3430013996572,19.607159919270959,34.754289693755396,0.0
844023293710,13166.365199999991,-5071.6199999999999,5,11,11,9043.8029712955649,-3574.0786950479842,19.600224255548298,34.757585255717018,0.0
844023293900,12857.748300000003,-5141.6700000000001,18,25,12,8808.8508867783476,-3621.419720414211,19.601142118125509,34.751050972751685,0.0
844023293915,12994.784400000004,-5015.5799999999999,21,28,16,8904.9249147748269,-3535.8130876959758,19.602878571925881,34.754333433259362,0.0
844023293985,12814.765199999993,-4987.5599999999995,5,12,16,8798.2858516591186,-3525.9624032171705,19.604304802398513,34.751632077718263,0.0
844023294195,12872.163899999998,-4735.3800000000001,6,13,21,8838.9473891413963,-3325.4274301520741,19.610304154475529,34.754491862446152,0.0
844023294435,12821.006100000001,-5113.6499999999996,12,19,8,8786.780072602256,-3603.2402700758735,19.601911108401463,34.750770756398154,0.0
844023294790,13003.486500000003,-4987.5599999999995,4,11,9,8930.7543574634019,-3513.9348611414944,19.603240710286872,34.755429613976538,0.0
844023294935,12593.9604,-5001.5699999999997,1,8,12,8662.2133814537119,-3531.2203506168639,19.605501695888396,34.748226628925032,0.0
844023295885,13021.154400000003,-5421.8699999999999,21,27,16,8929.810530535251,-3826.2846227906621,19.59311521212237,34.75291116784765,0.0
844023296030,12814.853099999993,-5085.6300000000001,22,29,21,8785.8531122274362,-3590.800454765651,19.602185020298688,34.751174702577337,0.0
844023296325,13104.835199999992,-5155.6800000000003,5,11,15,9001.4084798822096,-3639.3425475052345,19.59834939369841,34.756502601823357,0.0
844023296445,12710.867399999994,-5365.8299999999999,11,18,18,8714.1848487007301,-3785.5107492711772,19.596673959579686,34.747680197032217,0.0
844023296855,12416.138700000005,-5127.6599999999999,10,17,11,8514.3799263981218,-3620.5335250448752,19.604066826147793,34.743913074044187,0.0
844023296900,12868.032600000004,-5141.6700000000001,7,14,13,8814.620455599179,-3624.7925419911958,19.600769059034565,34.751810466302167,0.0
844023297465,12755.784299999999,-5029.5900000000001,30,5,11,8767.2427002352033,-3555.4271107636287,19.603505343557075,34.751216716255165,0.0
844023297830,13117.844400000004,-5225.7299999999996,21,27,17,8991.4734528332938,-3681.6255358705484,19.597098959928005,34.756073729153066,0.0
844023298780,12928.595699999998,-5393.8500000000004,20,26,15,8867.5043477371019,-3800.5444062295096,19.594639178456987,34.751814135405141,0.0
844023298790,12873.7461,-5043.6000000000004,12,19,15,8819.4835952912435,-3561.2490422323294,19.602833248809045,34.752616488054336,0.0
844023298845,12657.072600000003,-4973.5500000000002,7,14,14,8665.2316307021847,-3508.5923089769185,19.606151926152599,34.749001950776851,0.0
844023299210,12855.638700000005,-4679.3400000000001,10,17,16,8808.1094213751221,-3302.1985056374488,19.611310784295096,34.754567279942833,0.0
844023299910,12766.771799999999,-5015.5799999999999,23,30,16,8752.0543506885078,-3592.1492339782212,19.60265288198913,34.750592301520953,0.0
844023299960,12814.325699999998,-5449.8900000000003,20,27,16,8791.0401538540846,-3845.7022211512981,19.594101586578084,34.749429329802737,0.0
844023300005,12626.043899999997,-4861.4700000000003,6,13,19,8661.5002241330767,-3425.2828948715605,19.608976806816628,34.749647178116192,0.0
844023300235,12735.127799999997,-5071.6199999999999,3,10,12,8752.9989616924995,-3582.0433332444481,19.603004277856179,34.750720539675896,0.0
844023300285,13023.615599999994,-5407.8599999999997,29,3,17,8948.3819946022977,-3826.7877822582723,19.593090450186889,34.753764184591972,0.0
844023300615,12575.325599999993,-5015.5799999999999,29,4,15,8642.9162690107332,-3554.0881027094115,19.605104920030136,34.74807871233925,0.0
844023300985,12517.487399999995,-4931.5199999999995,11,18,17,8577.3436859983376,-3479.4498556040776,19.608235669830709,34.747014843187593,0.0
844023301265,12742.335599999993,-4903.5,29,4,15,8752.8402002600451,-3474.2926814027692,19.606618176925306,34.751697059440701,0.0
844023301475,13060.445699999998,-5001.5699999999997,20,27,16,8950.0854404803122,-3521.6226883457648,19.603069418332566,34.756497423916322,0.0
844023301735,12571.194299999999,-5015.5799999999999,30,5,17,8641.3956155107644,-3549.111340723,19.605493971045323,34.748114798414875,0.0
844023302545,12642.041699999994,-5253.75,0,7,11,8699.837202880386,-3713.1445076873242,19.599672754334989,34.748235216235457,0.0
844023302700,12832.872600000002,-5085.6300000000001,7,14,16,8786.0575239645841,-3587.6608726291097,19.602798362769121,34.751594516376862,0.0
844023302795,12619.803000000005,-4763.3999999999996,31,6,12,8679.1707364066297,-3366.5547357354681,19.611027852824925,34.750683660973806,0.0
844023302900,12914.092200000001,-4931.5199999999995,15,22,17,8840.8347923015717,-3473.3610513954982,19.605896285757943,34.754026496137705,0.0
844023303180,12642.656999999992,-5113.6499999999996,19,26,16,8661.9549962409092,-3602.3198428887754,19.603665368167228,34.748189711103137,0.0
844023303525,13130.1504,-5071.6199999999999,1,7,19,9029.0688235183479,-3577.0747880633453,19.600665949402384,34.758101074433945,0.0
844023303545,12734.600400000001,-5267.7600000000002,1,8,14,8760.7151942638138,-3722.6400400806938,19.59881691206278,34.74975867137325,0.0
844023303900,12772.309499999992,-5029.5900000000001,26,1,12,8768.5910324664092,-3580.3354692693492,19.603360730105159,34.751199668223315,0.0
844023303900,12810.106500000002,-5141.6700000000001,4,11,18,8799.8998473030078,-3628.1301335425405,19.601495691437851,34.751612814931399,0.0
844023304295,12534.539999999999,-5435.8800000000001,9,16,14,8596.3721721110214,-3842.6225374907858,19.596790096760795,34.744400539788252,0.0
844023304830,12858.715199999991,-4833.4499999999998,5,12,14,8830.9345367170845,-3416.8168261049304,19.608057542826778,34.754304756262549,0.0
844023304900,12749.103899999998,-5113.6499999999996,6,13,16,8748.2961547813265,-3614.0696851618522,19.602597274214279,34.750421606393409,0.0
844023305385,12843.156900000004,-5141.6700000000001,28,3,12,8820.3423580283161,-3635.81779273762,19.601198515441716,34.752169988104789,0.0
844023305790,12729.941699999996,-5099.6400000000003,0,7,14,8756.1285651997678,-3609.7828253681573,19.602757498194837,34.750728297362066,0.0
844023305875,12733.106100000001,-4833.4499999999998,12,19,11,8725.1145025344085,-3406.4213802432632,19.609627245981017,34.751673927915064,0.0
844023305955,12932.111699999994,-5155.6800000000003,0,7,18,8893.0290485097576,-3643.2960239443782,19.600258937196507,34.754063711325074,0.0
844023305965,12695.396999999992,-5225.7299999999996,19,26,19,8700.8209716328656,-3672.9882939492932,19.60132917378143,34.748733953100789,0.0
844023306220,12981.775199999991,-5365.8299999999999,5,11,16,8919.0579040602315,-3791.128606510219,19.595264675095791,34.753474144355415,0.0
844023306350,12523.200899999991,-5099.6400000000003,16,23,15,8577.2275107981532,-3596.8097956901984,19.605120809529321,34.746131831726572,0.0
844023306625,12607.409100000006,-5141.6700000000001,2,9,15,8670.4891272812838,-3640.6670810558935,19.602763027562723,34.748215073702482,0.0
844023307445,12761.497799999996,-4819.4399999999996,3,10,10,8770.3119199265784,-3399.480894975959,19.609579956600328,34.752974157083088,0.0
844023307880,12768.705599999994,-5127.6599999999999,29,4,13,8774.7786348982809,-3630.1816833699418,19.602190797219713,34.751132109351332,0.0
844023308075,12574.270800000002,-5001.5699999999997,25,0,18,8637.4967328138373,-3573.0697574414198,19.605498871573602,34.748006905647252,0.0
844023308195,13028.889599999997,-5449.8900000000003,17,23,12,8929.3942623726834,-3841.8430850757968,19.593806447797348,34.75338077603945,0.0
844023308415,12985.994400000003,-5337.8099999999995,21,27,16,8903.9552076204127,-3765.9703588482721,19.596538950533034,34.753353027045321,0.0
844023308450,12355.575599999993,-5183.6999999999998,29,4,15,8499.0285995467893,-3672.1113379332455,19.603820400500744,34.743473997203147,0.0
844023308540,12765.101699999996,-5127.6599999999999,0,7,15,8780.4222772830417,-3629.0880440351016,19.602252308947445,34.751268869339057,0.0
844023308650,13084.706099999999,-5477.9099999999999,12,18,10,8972.6199774046145,-3860.471370911433,19.592808940890723,34.754334756694213,0.0
844023308825,12799.822200000001,-4805.4300000000003,15,22,14,8764.3505549557522,-3384.6037808978053,19.610311392964952,34.752942358672051,0.0
844023308975,12848.43089999999,-5197.71,16,23,14,8800.7990337042247,-3664.3901891628097,19.600957255317073,34.751476722854882,0.0
844023309290,12833.4,-5155.6800000000003,9,16,17,8793.1300163532778,-3642.7373376873884,19.60177512225318,34.751463246114454,0.0
844023309395,12788.395199999992,-5197.71,5,12,16,8784.1110241847146,-3675.223633233491,19.600840818277646,34.750945630165845,0.0
844023309620,12581.039100000007,-4819.4399999999996,2,9,19,8651.192378361673,-3400.2509188435856,19.611104773127064,34.749817586825024,0.0
844023309775,12878.316900000003,-4847.46,28,3,10,8842.4216338408969,-3424.0112677541319,19.608350524999587,34.754662200769701,0.0
844023309935,12826.719599999997,-4917.5100000000002,17,24,16,8782.1352048550671,-3467.1975604749155,19.607619451199888,34.752699527953098,0.0
844023311595,13163.288700000005,-5379.8400000000001,10,16,17,9024.1176224095052,-3799.67825830944,19.594616142625799,34.756249000437307,0.0
844023311755,12794.108700000004,-5183.6999999999998,10,17,13,8770.8774698612742,-3662.3131272519449,19.601723723537827,34.750761849587285,0.0
844023311900,12739.346999999992,-5547.96,19,26,12,8734.9414523768028,-3906.2468093706157,19.594291137962507,34.74771143774182,0.0
844023312390,12770.815199999992,-5155.6800000000003,5,12,13,8772.714171800053,-3644.8741522107298,19.602408995137747,34.750981312959901,0.0
844023313680,12989.070899999992,-5730.0900000000001,16,22,28,8917.4268649175174,-3925.3634649469636,19.592066250872335,34.752390960271022,6.0
844023313995,12803.865599999994,-5169.6899999999996,29,4,12,8799.8660890763185,-3657.4348820987034,19.60193122764143,34.751610592551231,0.0
844023314320,12772.397399999994,-5197.71,11,18,12,8755.9697604553076,-3668.2180802591565,19.602078769020142,34.750388495191942,0.0
844023314400,12937.297799999997,-5211.7200000000003,3,10,14,8890.9872770359307,-3681.940047411194,19.600224412004412,34.753841112473019,0.0
844023314680,12706.7361,-4875.4799999999996,12,19,23,8704.4446319095823,-3428.171152198483,19.610368401786733,34.751137506845076,0.0
844023314685,12892.820400000001,-5505.9300000000003,1,7,13,8873.3894730695229,-3892.6487426349158,19.593668257482186,34.751580000624166,0.0
844023314935,12828.301799999999,-5113.6499999999996,23,30,18,8797.47473880295,-3657.4944020857774,19.602046700038407,34.751633357271508,0.0
844023315235,12730.469100000006,-5533.9499999999998,2,9,13,8759.8580576112472,-3917.2588503881257,19.594167005315764,34.748421072175354,0.0
844023315400,12786.373499999996,-5253.75,14,21,7,8762.6908041623283,-3704.0322186437352,19.601022059529875,34.750349136591353,0.0
844023315530,12821.006100000001,-5225.7299999999996,12,19,8,8788.5607423535203,-3681.9123214167021,19.601487782432947,34.751230427579017,0.0
844023316190,12710.867399999994,-5435.8800000000001,11,18,15,8715.0511266047779,-3839.7622505917261,19.59731872646778,34.74793443884036,0.0
844023316250,12950.746500000001,-5323.8000000000002,4,10,17,8897.0319068539757,-3760.5250156633128,19.597963082816232,34.753422358885558,0.0
844023316625,12835.949100000007,-5183.6999999999998,2,9,16,8827.2357254693725,-3668.4280224680197,19.601749339738404,34.752369866198038,0.0
844023316640,12557.745599999993,-5211.7200000000003,29,4,17,8633.1948630521965,-3689.8330890877442,19.603108072618159,34.747062500022118,0.0
844023316790,12923.936999999993,-5239.7399999999998,19,26,27,8875.4139666464907,-3584.4773363452309,19.603980024674204,34.754364729685499,6.0
844023316840,12721.151699999995,-5225.7299999999996,0,7,17,8750.3425984886453,-3696.7170912031379,19.601703106688301,34.750091559426032,0.0
844023316900,12902.225699999997,-4917.5100000000002,20,27,15,8843.4241569926398,-3464.6532678366584,19.608193673060491,34.754554647687819,0.0
844023317300,13109.054400000005,-5519.9399999999996,21,27,16,8990.7661546556919,-3894.6212153509196,19.592889631003587,34.754737103547413,0.0
844023317355,12513.268199999999,-5337.8099999999995,27,2,18,8598.2420538255665,-3780.4551770298467,19.60069754278739,34.74536683527144,0.0
844023317435,12747.521699999996,-5211.7200000000003,0,7,13,8770.5078052125373,-3686.6041606220479,19.601909578179683,34.750730074870674,0.0
844023317455,12787.867799999996,-4791.4200000000001,3,10,13,8788.606197054256,-3385.0792887282078,19.611408910537872,34.753816767972921,0.0
844023317560,12897.566999999992,-5239.7399999999998,19,26,17,8835.6609825832256,-3688.0216799624941,19.601194672907525,34.752444251881201,0.0
844023317650,12979.665599999993,-4833.4499999999998,29,4,7,8913.8393783841348,-3418.9750348542029,19.609027555541118,34.756839764340008,0.0
844023317710,12955.493099999994,-5351.8199999999997,22,28,15,8882.5594513002325,-3780.4730925782533,19.5977506065467,34.752890373171915,0.0
844023317980,13102.198199999999,-5267.7600000000002,27,1,25,9016.8561289481822,-3642.7915645604035,19.600795750248277,34.757640693981578,6.0
844023318140,12688.101299999993,-5407.8599999999997,8,15,11,8695.22979205716,-3811.5244516660409,19.598825488487556,34.747721470939553,0.0
844023318675,12797.185199999993,-5057.6099999999997,5,12,16,8786.8943307031823,-3576.3571502357754,19.60554524944893,34.752213684477567,0.0
844023318695,12976.061699999995,-5309.79,0,6,16,8925.3260441606399,-3758.7479449421994,19.598233219988085,34.754292090238813,0.0
844023318990,12873.218700000005,-5225.7299999999996,10,17,17,8823.2274183839945,-3691.2803000228205,19.601546701904553,34.752201957368733,0.0
844023319075,12778.023000000005,-5155.6800000000003,31,6,16,8787.7708033670042,-3649.2243721792561,19.603290568306008,34.751624339229721,0.0
844023319185,12788.395199999992,-5421.8699999999999,5,12,17,8787.4467648104328,-3832.8448386990067,19.597418957038759,34.750019378179203,0.0
844023319535,13211.369999999999,-5309.79,9,15,18,9050.7999535340114,-3741.9644937693124,19.597643688673461,34.75772999155334,0.0
844023319790,12798.239999999998,-5463.8999999999996,9,16,15,8773.43562295009,-3862.6722386718939,19.59674126538906,34.749344891874891,0.0
844023320350,12561.349499999993,-5099.6400000000003,26,1,12,8626.3730366324744,-3630.3920656648124,19.605851258774152,34.747462157025502,0.0
844023320400,12459.561299999994,-5379.8400000000001,8,15,16,8540.108520705413,-3797.0660794916994,19.601412975624253,34.743745059294064,0.0
844023320505,12777.495599999993,-5225.7299999999996,29,4,13,8783.2761962487639,-3698.3220680085155,19.602043565086511,34.751020645689835,0.0
844023320615,12540.780899999991,-5519.9399999999996,16,23,15,8592.6136087376399,-3897.289283356693,19.597676738594249,34.74426996375594,0.0
844023320875,12871.724400000005,-5618.0100000000002,21,27,13,8830.9242647144001,-3964.3476800351368,19.593057410439844,34.749987377275261,0.0
844023321085,12449.716500000002,-5001.5699999999997,4,11,8,8552.4315772262999,-3528.1231208401146,19.61003541268089,34.746410938584184,0.0
844023321155,12658.566900000003,-4987.5599999999995,28,3,13,8694.6522582189555,-3529.2152173793734,19.608516431872332,34.750156976067764,0.0
844023321230,13064.489100000006,-5421.8699999999999,2,8,14,8991.0952230427429,-3830.1240755494573,19.595742219095154,34.755381093190216,0.0
844023321630,12829.7961,-5211.7200000000003,12,19,9,8794.2483662272025,-3671.2958659939436,19.602989377535692,34.751565751726659,0.0
844023321785,12418.775699999998,-5127.6599999999999,20,27,15,8521.2003137919946,-3616.9859807225707,19.607635686989934,34.744830456679708,0.0
844023321920,13114.240500000005,-5043.6000000000004,24,31,19,8990.5472550082759,-3601.4401910456254,19.603220005008684,34.757356617686561,0.0
844023321995,12752.795699999999,-5365.8299999999999,20,27,14,8748.4827984618933,-3785.8355774933993,19.599857750068026,34.749373868713633,0.0
844023322245,12859.242600000003,-5295.7799999999997,7,14,12,8811.1364794529709,-3732.2713925003145,19.600964347944476,34.751483976700605,0.0
844023322290,12368.496900000004,-5309.79,28,3,11,8505.6649680822884,-3755.3045097308814,19.603447532326555,34.743220063411627,0.0
844023322885,12729.941699999996,-5239.7399999999998,0,7,16,8756.661211142713,-3707.9112029634412,19.602436117358856,34.750238781226571,0.0
844023323020,12552.119999999999,-5547.96,9,16,12,8609.1105902314339,-3919.8857053283787,19.597210680310656,34.744509528790815,0.0
844023323050,13135.951799999999,-5043.6000000000004,23,30,19,9007.6313972099142,-3598.8258972990525,19.603338093403313,34.757803522001318,0.0
844023323190,12555.196500000002,-5547.96,4,11,14,8628.6424065962419,-3920.8273903092286,19.597015208411275,34.745004362811699,0.0
844023323245,13097.627399999994,-5407.8599999999997,11,17,11,8983.1564655273614,-3816.4108125691978,19.596651158415458,34.755261307525885,0.0
844023323295,12635.361299999993,-5085.6300000000001,8,15,15,8654.1115306282336,-3590.3505274008548,19.607388923684272,34.748526716549065,0.0
844023323410,12829.7961,-5253.75,12,19,12,8795.5393663633822,-3706.260786172465,19.602204026009414,34.751249225534757,0.0
844023323440,12396.976500000002,-5169.6899999999996,4,11,14,8518.2422414166213,-3652.8832779143409,19.606844073775658,34.744388702140661,0.0
844023323670,12781.099499999993,-4889.4899999999998,26,1,14,8772.3242676324862,-3483.7153426750465,19.609660030260013,34.752541408345181,0.0
844023323805,13065.631799999999,-4959.54,23,30,18,8956.9681278475055,-3543.8521558214943,19.605816872860181,34.756885573314648,0.0
844023323830,12873.658199999998,-5253.75,27,2,14,8841.2544129799953,-3723.2845205979447,19.601275668539888,34.752277627903609,0.0
844023323865,12398.998199999998,-5323.8000000000002,27,2,14,8522.288062456124,-3773.7843224115709,19.603018450484328,34.743418595627105,0.0
844023324300,12688.628700000005,-4987.5599999999995,10,17,18,8694.4004750871518,-3521.1615659473341,19.609399976544488,34.750147053707586,0.0
844023324340,13209.348300000003,-5253.75,18,24,14,9047.9326205450034,-3705.71324684408,19.59975615076344,34.757884967055851,0.0
844023325465,12903.192600000004,-5169.6899999999996,7,14,15,8837.6458928374486,-3646.622079234603,19.604064326148574,34.752873643720463,0.0
844023325620,12518.454299999999,-5001.5699999999997,30,5,16,8606.5759483996844,-3540.1465963767569,19.609953810817636,34.747699923012284,0.0
844023325865,12842.189999999999,-5267.7600000000002,9,16,13,8803.1795737153134,-3721.3252168073836,19.602121801546755,34.75133044848068,0.0
844023325910,13100.703899999997,-5267.7600000000002,6,12,15,8998.9704393742686,-3724.2234074870858,19.599978116802831,34.756474940074639,0.0
844023326390,13207.150800000003,-5379.8400000000001,25,31,12,9074.7182367823461,-3846.526055399911,19.595329016403724,34.75742146936696,0.0
844023326530,12543.329999999998,-5477.9099999999999,9,16,19,8603.0337724803849,-3865.3126670788693,19.599709807193985,34.744807936528161,0.0
844023326655,12668.939100000007,-5155.6800000000003,2,9,15,8712.5563150368253,-3650.4132682001627,19.605477281753672,34.749557229602715,0.0
844023326660,12877.877399999994,-5295.7799999999997,11,18,10,8829.4473089170897,-3732.8961548028001,19.601597651018494,34.751929364821642,0.0
844023326895,13234.1361,-5099.6400000000003,12,18,15,9066.7307600781642,-3595.5608069148675,19.603543338971136,34.759379913286807,0.0
844023326915,12481.360500000004,-5449.8900000000003,24,31,21,8564.2713233079012,-3885.8053147496657,19.599510498153403,34.743606342167936,0.0
844023327370,12845.881799999999,-5421.8699999999999,23,30,11,8815.9401000479538,-3877.8962854719634,19.597232122905037,34.750303103791886,0.0
844023327465,12812.128199999997,-5183.6999999999998,27,2,16,8797.4731100026438,-3673.5691048838094,19.604018606610314,34.751579941617074,0.0
844023327705,12846.760800000002,-4917.5100000000002,25,0,11,8823.0272362613832,-3511.4027255198998,19.609029817029739,34.753649120649392,0.0
844023328020,12769.233000000006,-5155.6800000000003,31,6,19,8783.9939438925703,-3641.4777973418636,19.605356930902015,34.751485268839033,0.0
844023328345,12873.130800000003,-5057.6099999999997,25,0,15,8840.738312200403,-3614.5079176501094,19.605708980442333,34.75319244179741,0.0
844023328355,12910.927799999996,-5323.8000000000002,3,9,10,8876.12612156459,-3761.8930950542567,19.600603879543819,34.75285112548498,0.0
844023328480,12718.602600000004,-5393.8500000000004,7,14,16,8711.1376436996088,-3804.5056022824438,19.601003508419666,34.748118256217609,0.0
844023328555,12695.396999999992,-5365.8299999999999,19,26,19,8702.2164301822613,-3772.1505017053641,19.602155954778564,34.748157089740744,0.0
844023329100,12828.213899999997,-5351.8199999999997,6,13,17,8808.5719566305761,-3779.3025482100165,19.600937080041842,34.750872551525447,0.0
844023329350,12776.528700000004,-5253.75,10,17,18,8758.3090178156963,-3709.685688806378,19.603757166991588,34.750160824267454,0.0
844023329455,12804.480899999991,-5267.7600000000002,16,23,9,8771.4971934087844,-3707.3537809495492,19.603716126901862,34.750534525744492,0.0
844023329635,12809.051699999995,-5688.0599999999995,0,6,14,8814.6884650307056,-4026.0900983849087,19.593060966132342,34.74892666778171,0.0
844023329665,12879.459599999996,-5309.79,17,24,14,8825.0097010164955,-3747.4920429569702,19.601909041185049,34.751610717916812,0.0
844023329720,12754.729499999992,-4945.5299999999997,26,1,14,8754.9103813878664,-3523.3647192918584,19.609859469839002,34.751701527911095,0.0
844023329750,12732.490800000003,-5001.5699999999997,25,0,15,8744.3555460148273,-3577.078994756389,19.608251382089982,34.750959956085275,0.0
844023329870,12612.067799999997,-5435.8800000000001,3,10,16,8671.9789124132076,-3841.8883553307433,19.600532051661624,34.746765345354476,0.0
844023329875,12782.242200000001,-4931.5199999999995,15,22,16,8749.8729328479585,-3475.9643461649689,19.611469113583112,34.751986422735904,0.0
844023329955,12479.778300000002,-5155.6800000000003,18,25,12,8552.3197016916365,-3633.1236767357614,19.608516590544834,34.745416709028703,0.0
844023329995,13006.123499999996,-4945.5299999999997,14,21,14,8909.4757665678353,-3486.1065507330968,19.609485834191176,34.756115527178864,0.0
844023330020,12687.573899999998,-5533.9499999999998,6,13,14,8710.1558190194628,-3911.4917273231331,19.597920598536785,34.747176118335787,0.0
844023330130,12963.228300000002,-5646.0299999999997,18,24,17,8881.64596672468,-3985.5028342308246,19.593750002632902,34.751067896456334,0.0
844023330240,12474.064800000006,-5337.8099999999995,13,20,17,8549.4183509878821,-3764.6331183179545,19.604355680275017,34.744214594640347,0.0
844023330275,12682.387799999997,-4931.5199999999995,3,10,14,8715.018006059825,-3486.2436424714037,19.611560258772631,34.750995228983811,0.0
844023330330,12726.953099999993,-5463.8999999999996,22,29,17,8727.4726700424108,-3893.7549019926582,19.598343696732105,34.74780212417717,0.0
844023330350,12681.860400000001,-5113.6499999999996,1,8,14,8722.4421426669742,-3613.7483363353012,19.607394381783553,34.750092294931846,0.0
844023330460,12887.106900000004,-5309.79,28,2,13,8852.0879201665448,-3761.5898360751225,19.601292621961239,34.752241244224784,0.0
844023330760,12958.569599999997,-5421.8699999999999,17,23,19,8880.7857934399999,-3818.2426578985815,19.599204888217113,34.752523661290553,0.0
844023331245,12808.612200000001,-5660.04,15,21,12,8776.7126412041234,-3993.8178413430951,19.594733006431603,34.748274917568388,0.0
844023331525,12823.027799999996,-5225.7299999999996,3,10,15,8813.9055565804501,-3692.9773470840901,19.604059263698456,34.751866612989375,0.0
844023331595,13019.572200000001,-5085.6300000000001,15,22,13,8916.0490110125011,-3580.6237528470228,19.606606973689811,34.755536464817155,0.0
844023331625,12977.7318,-5239.7399999999998,23,30,6,8899.5731965954365,-3747.3348679755668,19.601430008250787,34.753660393652652,0.0
844023331765,12766.244400000003,-5099.6400000000003,21,28,15,8753.1952662618751,-3599.3655125047917,19.607751299425214,34.751080123267478,0.0
844023332005,12894.402600000003,-5688.0599999999995,7,13,14,8836.0907192180821,-4018.3051696416605,19.593460066738512,34.749647383838415,0.0
844023332325,12535.067399999994,-5505.9300000000003,11,18,7,8595.9180049392326,-3886.0648682948226,19.600297360633959,34.744472367563965,0.0
844023332440,12619.275599999994,-5365.8299999999999,29,4,18,8676.2936255104596,-3795.445182584313,19.602383962624717,34.747385191265167,0.0
844023332720,12924.464400000004,-4987.5599999999995,21,28,15,8858.1716694431361,-3517.1700862279026,19.609462207193413,34.754610841556229,0.0
844023332985,13058.3361,-5519.9399999999996,12,18,15,8953.2821998564359,-3897.9455712136005,19.59627745467294,34.753844384285323,0.0
844023333345,12665.335199999992,-5491.9200000000001,5,12,13,8704.7180808284393,-3883.5797735492365,19.599441941526585,34.747422917493836,0.0
844023333775,12796.657799999995,-5323.8000000000002,3,10,8,8799.3040915958609,-3753.8998815633454,19.602712226435948,34.751057341352478,0.0
844023333845,13233.608700000004,-5323.8000000000002,10,16,1,9071.6007111878043,-3758.8704640071546,19.599701934266669,34.758204465968923,0.0
844023333905,13022.648700000005,-5071.6199999999999,10,17,17,8921.8340944296888,-3580.456743802255,19.607024876766857,34.755796701747876,0.0
844023333940,12785.230800000003,-5267.7600000000002,25,0,13,8786.7943197485802,-3760.5710380946107,19.602667993176013,34.750675538129848,0.0
844023334105,12861.879599999997,-5379.8400000000001,17,24,15,8813.5322920092167,-3798.2344942395634,19.601206549926953,34.751052468506813,0.0
844023334680,12803.865599999994,-4945.5299999999997,29,4,15,8794.4796469619505,-3503.4464367585888,19.610987673588689,34.753086180888303,0.0
844023334960,12477.141299999994,-5197.71,8,15,15,8550.3602998892438,-3669.0545662689128,19.608290327171858,34.745203549956962,0.0
844023335230,12813.798300000002,-5029.5900000000001,18,25,19,8776.3476172740702,-3538.4002740029564,19.610141591387212,34.752329043337738,0.0
844023335300,12879.459599999996,-5295.7799999999997,17,24,19,8825.2850989889284,-3730.0231573846768,19.603478083143003,34.751972762869464,0.0
844023335960,13070.73,-5716.0799999999999,9,15,15,8959.4239629105577,-4033.1881439149292,19.592400935272678,34.752979114463407,0.0
844023336155,12891.3261,-5351.8199999999997,12,19,15,8836.8184138117813,-3779.7762933324366,19.601867454852464,34.751948371044598,0.0
844023336290,12857.748300000003,-5211.7200000000003,18,25,13,8809.751353661708,-3672.3675189300466,19.605634519705738,34.752173937441427,0.0
844023336570,13228.949999999999,-5463.8999999999996,9,15,18,9064.839911687739,-3851.0216165412185,19.597273965773695,34.757383963295055,0.0
844023336885,12952.240800000003,-5449.8900000000003,25,31,16,8899.5539216011384,-3900.7242575684977,19.597491144496036,34.752616406777577,0.0
844023337340,12815.819999999998,-5379.8400000000001,9,16,15,8785.7644415413342,-3801.6204072062465,19.601954836407941,34.750498055647213,0.0
844023337490,12769.760400000001,-5505.9300000000003,1,7,7,8788.4711168531448,-3889.9251097082388,19.599109218560844,34.749810721479619,0.0
844023337580,12711.306900000003,-5533.9499999999998,28,3,12,8735.4065713848213,-3916.6574716127006,19.598820976685406,34.748181852034115,0.0
844023337620,12815.819999999998,-5393.8500000000004,9,16,17,8785.2576666674613,-3809.6084941202216,19.601740389137849,34.750425148186544,0.0
844023337640,12837.0918,-5267.7600000000002,23,30,12,8807.5796849770777,-3769.3361119151123,19.60280181936244,34.751363414386859,0.0
844023338130,12566.623499999996,-5099.6400000000003,14,21,19,8611.8436509089424,-3590.9242269065198,19.610666211007064,34.74776150954041,0.0
844023338215,12714.998700000004,-5463.8999999999996,10,17,15,8718.316833183264,-3862.9675076356425,19.600820946363058,34.748224384894044,0.0
844023338465,12809.666999999992,-5407.8599999999997,19,26,8,8780.4830029145978,-3801.5459802841096,19.602183914509965,34.750412349425012,0.0
844023338875,12930.089999999998,-5351.8199999999997,9,15,18,8861.3432544922834,-3773.122897353066,19.602318312302806,34.75281836477761,0.0
844023339430,12672.015599999993,-5239.7399999999998,29,4,14,8710.9688360059299,-3710.5596946414635,19.606010448594375,34.749411469071958,0.0
844023339815,12705.2418,-5519.9399999999996,23,30,18,8715.4365580281647,-3948.9565989254206,19.598382908488141,34.747485077801677,0.0
844023339815,12819.5118,-5281.7699999999995,23,30,13,8795.8082124913672,-3780.4525479495951,19.602949874295536,34.751064369865318,0.0
844023340030,12811.161299999992,-5435.8800000000001,8,15,13,8778.0322332401975,-3834.5633528813869,19.601445544967639,34.750137956750031,0.0
844023340375,12787.340400000001,-5393.8500000000004,1,8,18,8799.0868354354716,-3807.3239410125743,19.602164207134756,34.750928960461849,0.0
844023340380,13207.678199999998,-5225.7299999999996,27,1,18,9066.1870401517881,-3714.8053934272957,19.602325271797273,34.758779656098071,0.0
844023340640,13299.797399999994,-5365.8299999999999,11,17,7,9116.3318336261709,-3787.5262477824926,19.599509971793825,34.759473844423326,0.0
844023340805,12831.2904,-5379.8400000000001,1,8,18,8828.7323699468252,-3797.9577404776346,19.602234306665288,34.751792010793153,0.0
844023341065,12860.824800000006,-5407.8599999999997,13,20,20,8819.0720861072004,-3802.08775353489,19.602242055834679,34.751498701636841,0.0
844023341120,12765.101699999996,-5407.8599999999997,0,7,13,8786.4440128900897,-3822.933230770841,19.601922876274561,34.750458437189749,0.0
844023341545,12789.977399999994,-5099.6400000000003,11,18,18,8764.3708889618083,-3597.7498448048009,19.609443279738045,34.751833945405011,0.0
844023342035,12778.638300000002,-5393.8500000000004,18,25,17,8755.3627357325568,-3801.2305672747698,19.603080826642977,34.749862872699531,0.0
844023342235,12878.404800000006,-5477.9099999999999,13,19,15,8828.7152250813015,-3869.2823525260683,19.600154369584363,34.751236103196128,0.0
844023342275,13199.503499999995,-5505.9300000000003,14,20,17,9047.9738149077129,-3881.768689563989,19.597451119296124,34.756920746564859,0.0
844023342635,13038.119100000007,-5575.9799999999996,2,8,13,8973.4579296203228,-3937.8804776457955,19.596490580302468,34.754514585782339,0.0
844023342805,13066.510800000002,-5337.8099999999995,25,31,18,8978.1111566420877,-3816.623872515047,19.600364483026368,34.75570818051284,0.0
844023343025,13066.071299999992,-5716.0799999999999,8,14,15,8949.7806428091644,-4031.6954556147152,19.59377546265495,34.753116971733121,0.0
844023343530,13126.546500000002,-5674.0500000000002,4,10,17,9020.1011850785308,-4008.1618565158665,19.593845545696485,34.755186852940014,0.0
844023344005,12583.148700000005,-5688.0599999999995,10,17,17,8626.5586631326914,-4020.3383950018019,19.597657827872734,34.74470992819365,0.0
844023344305,12799.206900000005,-5421.8699999999999,28,2,21,8797.3089552319343,-3826.0136800410064,19.602115249534329,34.750922346508396,0.0
844023345330,12802.898700000005,-5365.8299999999999,10,17,8,8778.694013860546,-3784.9613893499959,19.603689166171844,34.750886909315952,0.0
844023345435,12830.85089999999,-5786.1300000000001,16,22,14,8791.2362828193764,-4081.471073204978,19.594039542028199,34.748666116949011,0.0
844023345525,12858.803099999994,-5337.8099999999995,22,29,18,8817.7493652410722,-3794.7148781807509,19.602979606351493,34.751857747471604,0.0
844023346100,12885.612600000004,-5435.8800000000001,7,13,17,8829.3026594487965,-3839.2699747980278,19.601470150452812,34.751845810984875,0.0
844023346185,12383.527799999996,-5421.8699999999999,3,10,19,8519.4063163117225,-3824.2493112975772,19.60522275790095,34.743804864690333,0.0
844023346245,12853.001699999995,-5267.7600000000002,0,7,21,8844.6309475262242,-3710.7417893588108,19.605451662684942,34.753377914679113,0.0
844023347875,12682.387799999997,-5253.75,3,10,12,8719.9986714995939,-3710.1199170373907,19.607015262314341,34.750227780311789,0.0
844023347920,12387.131699999994,-5561.9700000000003,0,7,16,8526.81234918669,-3934.9383677782516,19.60183378937068,34.74318637115325,0.0
844023348145,12457.979100000006,-5604.0,2,9,15,8570.3421846890706,-3969.6704107714695,19.600271383645119,34.744061101929702,0.0
844023348435,12877.349999999999,-5449.8900000000003,9,15,10,8829.2576423423361,-3838.9886675856455,19.601736119635685,34.752064857705264,0.0
844023348475,12921.739499999992,-5267.7600000000002,26,0,15,8873.4541475240731,-3763.8737454868938,19.603683063444802,34.753886501107573,0.0
844023348865,12923.936999999993,-5085.6300000000001,19,26,20,8854.614227271135,-3567.3335260432414,19.610184815239009,34.755141211624228,0.0
844023349345,12860.297399999994,-5435.8800000000001,11,17,14,8819.2175382509231,-3841.5538075780978,19.601798384736348,34.751870171583555,0.0
844023350210,13010.694299999999,-5267.7600000000002,30,4,12,8943.9522116189964,-3725.7708403396809,19.604315812750777,34.756194694766194,0.0
844023350390,13260.506100000001,-5421.8699999999999,12,18,16,9087.6275351057848,-3828.2806612559016,19.599520335873674,34.759102035020788,0.0
844023350485,12414.116999999993,-5393.8500000000004,19,26,17,8511.5772132906332,-3798.4415371369087,19.606547926826778,34.744155064520612,0.0
844023350560,12795.163499999995,-5449.8900000000003,14,21,11,8772.9181590348653,-3842.9009980875244,19.602373477936315,34.750669710392913,0.0
844023350760,12739.259100000007,-5716.0799999999999,2,8,13,8765.6999705466424,-4037.6935866174308,19.596203265181416,34.748795874711313,0.0
844023351170,12828.301799999999,-5365.8299999999999,23,30,17,8800.6474845737939,-3841.4179034444737,19.602165851143774,34.751426709939452,0.0
844023351285,12794.020800000002,-5337.8099999999995,25,0,16,8791.6454755995201,-3811.3104031435978,19.603233428081857,34.751454120249257,0.0
844023351410,12905.2143,-5141.6700000000001,30,5,15,8867.83004129033,-3637.4973990698527,19.608021945324641,34.75497328358545,0.0
844023351530,12752.180400000001,-5435.8800000000001,1,8,11,8775.8194164983543,-3837.0498596462035,19.602584902489081,34.750823672127694,0.0
844023351545,12876.822600000003,-5477.9099999999999,7,13,15,8824.2934343128727,-3871.1086566881863,19.600981188546463,34.751809265969314,0.0
844023351550,12535.067399999994,-5505.9300000000003,11,18,18,8595.6467960879527,-3886.6855491066699,19.602887607771425,34.745639252684363,0.0
844023351980,12882.975599999994,-5561.9700000000003,29,3,15,8853.7400765632519,-3939.0349868996209,19.598509951503782,34.752016643219683,0.0
844023352280,13061.939999999999,-5267.7600000000002,9,15,13,8951.5919107527789,-3714.224882429553,19.604678251951263,34.756575536138165,0.0
844023352310,12894.929999999998,-5435.8800000000001,9,15,13,8840.8806528224377,-3834.387241332442,19.601979655048961,34.752616897742762,0.0
844023352545,12821.973000000005,-5463.8999999999996,31,5,19,8824.0603082664456,-3858.9102635699242,19.601343901455387,34.751983728102822,0.0
844023352885,12361.289100000007,-5407.8599999999997,2,9,15,8504.2266215046147,-3829.186746861682,19.605628746415046,34.743831294763261,0.0
844023353100,13185.527399999994,-5239.7399999999998,11,17,11,9039.6276042616337,-3696.3623951883528,19.604252234241908,34.759130994995218,0.0
844023353175,12822.060899999991,-5519.9399999999996,16,22,21,8790.1439020711332,-3878.1794872714904,19.601037303362862,34.750977734310368,0.0
844023353300,12831.817799999997,-5421.8699999999999,3,9,11,8825.2539992873408,-3833.2063731801036,19.602113931344807,34.752301189622663,0.0
844023353325,12666.829499999993,-5716.0799999999999,26,0,21,8703.2563082096422,-4064.5834098951877,19.595964981805523,34.747081301174397,0.0
844023353575,12779.165699999998,-5547.96,20,27,9,8768.8796376145419,-3908.7938042606183,19.600281714326393,34.750176408293711,0.0
844023354120,12879.899100000006,-5435.8800000000001,2,8,21,8865.4255431132678,-3826.0083279046189,19.601925137834208,34.75347090807265,0.0
844023354645,12943.978199999998,-5618.0100000000002,27,1,17,8889.422830530335,-3995.6990483317477,19.596196095068812,34.752649957477395,0.0
844023355040,12414.644400000005,-5393.8500000000004,21,28,15,8518.911694581886,-3810.9841333161467,19.606018334750324,34.744479674424063,0.0
844023355725,12725.370899999991,-5155.6800000000003,16,23,14,8715.5996681189317,-3635.8888090204759,19.609627198242276,34.75122866597718,0.0
844023355730,12836.036999999993,-5323.8000000000002,19,26,11,8799.1972147092038,-3744.6963011634189,19.60525209468441,34.752494962867551,0.0
844023356085,12797.800500000005,-5309.79,24,31,13,8777.4130136804979,-3799.7003733191355,19.603729193255717,34.751461123669785,0.0
844023356120,12790.416900000004,-5379.8400000000001,28,3,11,8789.4876511659477,-3803.2020658515748,19.603489862186798,34.751751242403884,0.0
844023356405,12810.721799999999,-5604.0,23,29,7,8788.6641842784029,-3993.7170170628842,19.597379937009453,34.750095388221382,0.0
844023356455,12453.847799999996,-5533.9499999999998,3,10,19,8567.1722265639364,-3906.0854104423588,19.602526838147995,34.745009058159155,0.0
844023356600,12845.266500000002,-5435.8800000000001,4,10,9,8829.4324215505912,-3832.9357769322046,19.602117642982009,34.752571398379132,0.0
844023356995,12776.440800000002,-5463.8999999999996,25,31,10,8782.1285674081992,-3904.6420665050655,19.600314365509714,34.750721199698241,0.0
844023357050,12610.0461,-5449.8900000000003,12,19,15,8644.9313110101248,-3849.9051035028524,19.603511428652187,34.747578015394126,0.0
844023357735,13202.140500000005,-5295.7799999999997,24,30,16,9051.313800999993,-3791.8395726475192,19.601031533670039,34.758869459117761,0.0
844023358580,12868.559999999999,-5393.8500000000004,9,15,20,8824.1310413461779,-3793.6116587586362,19.603305688509455,34.752907585743564,0.0
844023358700,12798.239999999998,-5449.8900000000003,9,16,19,8774.8729624616371,-3844.4196171450558,19.602184603080939,34.751173332813792,0.0
844023358810,12620.330400000001,-5407.8599999999997,1,8,17,8682.2966648928814,-3820.4391646746903,19.60392277366617,34.748941936987407,0.0
844023358900,12748.576500000003,-5407.8599999999997,4,11,15,8760.3870729793089,-3821.29372518531,19.603068045510781,34.750999931887854,0.0
844023358950,12771.430500000006,-5632.0199999999995,24,31,14,8758.7920055939412,-4028.4806688325211,19.596425635400909,34.749168150088053,0.0
844023359170,12620.945699999998,-5309.79,20,27,14,8659.848680507017,-3745.9725063320029,19.606502771707419,34.749006837816211,0.0
844023359255,12384.055199999992,-5519.9399999999996,5,12,6,8507.6401919803811,-3899.1380098080126,19.60317293661792,34.743671325614692,0.0
844023359380,12753.235199999992,-5421.8699999999999,5,12,13,8764.2405928487842,-3833.319003077288,19.602569508278144,34.75102419433356,0.0
844023359420,12804.480899999991,-5463.8999999999996,16,23,12,8774.4729078964956,-3852.3069431571903,19.601846385485498,34.751133334184118,0.0
844023359700,12874.185599999993,-5828.1599999999999,29,3,15,8847.7807547172615,-4126.6326129477584,19.592223840979297,34.750718157027066,0.0
844023360500,12994.256999999992,-5365.8299999999999,19,25,17,8903.4356803897226,-3781.965427270492,19.602633775925383,34.755272493368359,0.0
844023360775,12783.209100000007,-5393.8500000000004,2,9,14,8796.4440589241603,-3817.2718993486205,19.602600352770022,34.752182953456291,0.0
844023360795,12502.544400000004,-5323.8000000000002,21,28,15,8578.3434135120406,-3760.5619524849099,19.606715898854997,34.746919137431291,0.0
844023361170,12837.0918,-5295.7799999999997,23,30,18,8806.5406102843372,-3788.6636926757747,19.603378532097871,34.75276031017281,0.0
844023361355,12699.440400000001,-5463.8999999999996,1,8,19,8739.4378123586666,-3854.3703081758008,19.601947060586529,34.750446471783846,0.0
844023361400,12746.466900000003,-5435.8800000000001,28,3,14,8758.1290232100127,-3848.8345050852945,19.601921700639423,34.750993977824471,0.0
844023361530,12910.488300000003,-5435.8800000000001,18,24,16,8846.8057364594497,-3838.0053228908441,19.601317549373974,34.753446452167303,0.0
844023361560,12773.979599999997,-5435.8800000000001,17,24,16,8752.9322946363081,-3838.1414457439496,19.602296848511273,34.750971470965233,0.0
844023361735,12749.103899999998,-5477.9099999999999,6,13,13,8755.3401856993041,-3869.3710658185951,19.601242933356708,34.750789248478675,0.0
844023361840,13071.257399999995,-5589.9899999999998,11,17,15,8962.8520114819821,-3950.43859339133,19.596439009915105,34.755580316375955,0.0
844023361910,12690.6504,-5421.8699999999999,1,8,13,8733.0935183358324,-3830.0494484639698,19.60271511546663,34.750566328354523,0.0
844023362290,12585.697799999996,-5786.1300000000001,3,10,14,8654.371722422411,-4092.4922068545238,19.595066904395384,34.746244402187934,0.0
844023362765,12832.872600000002,-5449.8900000000003,7,13,15,8793.3968856591855,-3850.7824314641716,19.601325202568791,34.752034406681318,0.0
844023362995,12622.000500000006,-5365.8299999999999,24,31,18,8656.44812966461,-3837.7188829596575,19.603170011108254,34.748549917098664,0.0
844023363825,12701.989499999992,-5351.8199999999997,26,1,16,8722.8755087254485,-3809.9151781272176,19.603129874515513,34.750676335080257,0.0
844023363845,12633.866999999993,-5814.1499999999996,19,26,3,8659.6231087049855,-4093.7147822596098,19.594672630663784,34.746555397023421,0.0
844023364000,12786.373499999996,-5379.8400000000001,14,21,4,8760.0512462604966,-3782.9954610760296,19.603550794938748,34.75191533121702,0.0
844023364125,12757.454400000004,-5407.8599999999997,21,28,14,8752.6706495663439,-3820.012235042318,19.602425000191502,34.751410592434667,0.0
844023364185,12720.624299999999,-5365.8299999999999,30,5,15,8746.3008724041592,-3797.3005613266855,19.6032148843349,34.751443760604772,0.0
844023364315,12856.605599999994,-5225.7299999999996,29,4,13,8835.1503028767802,-3698.3123622584299,19.605445283870459,34.754655739570588,0.0
844023364580,12533.045699999999,-5253.75,20,27,12,8600.806038181734,-3702.9271876341063,19.60773309254677,34.748451457385116,0.0
844023364610,12616.814400000005,-5071.6199999999999,21,28,20,8655.461452195188,-3566.3958613302129,19.611540964765954,34.751077149762807,0.0
844023364780,12428.093099999993,-5575.9799999999996,22,29,12,8524.6774281778944,-3975.5184640909947,19.599754399670374,34.744100918247007,0.0
844023365295,12361.904400000003,-5533.9499999999998,21,28,16,8481.6991511417546,-3912.8658002333896,19.602155296190894,34.743571849670339,0.0
844023366020,12981.775199999991,-5618.0100000000002,5,11,15,8919.9028712045056,-3968.0937306227415,19.595662762756607,34.754768350284813,0.0
844023366260,12710.779499999993,-5379.8400000000001,26,1,11,8731.8969593439833,-3825.4320831029413,19.602182921272981,34.751095677402205,0.0
844023366270,12516.520500000006,-5421.8699999999999,24,31,15,8584.6052339788912,-3883.0733330702124,19.601879636140414,34.746711497484313,0.0
844023366315,12736.270500000006,-5281.7699999999995,24,31,19,8734.5565162678104,-3774.319396482028,19.603787353268391,34.751620766526692,0.0
844023366355,13056.8418,-5491.9200000000001,23,29,3,8959.486613042518,-3907.683182536347,19.597127889421078,34.756414054194991,0.0
844023366460,12741.8961,-5435.8800000000001,12,19,18,8735.0388900399139,-3835.5218174382849,19.601790461154977,34.75113810279823,0.0
844023366850,12782.769599999996,-5435.8800000000001,17,24,15,8759.4667557509347,-3838.7051606865716,19.601362359307458,34.751846545269409,0.0
844023367170,12964.195199999991,-5561.9700000000003,5,11,15,8907.5815779695567,-3929.6008872965654,19.596815069723398,34.755037246933774,0.0
844023367245,12690.6504,-5814.1499999999996,1,7,11,8732.7880984961957,-4107.2637182756371,19.592927919840619,34.74889990309012,0.0
844023367420,12641.514299999999,-5379.8400000000001,30,5,16,8692.5843616960919,-3806.7279341643648,19.602960617436239,34.750469086827252,0.0
844023367560,12742.863000000005,-5435.8800000000001,31,6,15,8767.2863086963189,-3850.0385461780274,19.60074644287225,34.752091260427918,0.0
844023367575,12751.740899999992,-5393.8500000000004,16,23,16,8735.034959115219,-3805.0354783197745,19.602527827049613,34.751631784658265,0.0
844023367800,12587.807399999994,-5057.6099999999997,11,18,15,8627.1613807549038,-3572.320031851948,19.611081072474818,34.750836390113307,0.0
844023367810,12893.435699999998,-5309.79,20,27,13,8844.0872670630488,-3744.0343657545891,19.603278678501997,34.755079642989756,0.0
844023367820,12365.508300000003,-5379.8400000000001,18,25,13,8476.3170009791065,-3791.9702190819021,19.605606515457001,34.744958863047145,0.0
844023368105,12506.148300000003,-5772.1199999999999,18,25,17,8570.2749987353745,-4068.4097379549535,19.59566929529371,34.745093624863934,0.0
844023368335,12462.198300000002,-5604.0,18,25,16,8540.2647842945553,-3951.0306408403876,19.599721134710471,34.745354750605777,0.0
844023368470,12602.750400000001,-5449.8900000000003,1,8,10,8673.3385029782276,-3844.9390063493979,19.601708270243879,34.749807308590505,0.0
844023368695,12373.155599999995,-5253.75,29,4,13,8513.366840890827,-3718.7936962294289,19.607410456737785,34.746712620788088,0.0
844023368845,12879.986999999992,-5141.6700000000001,19,26,15,8823.4364193499005,-3620.2944793562824,19.607289119436956,34.75577406614812,0.0
844023368975,12697.418700000004,-5519.9399999999996,10,17,8,8708.1372168541711,-3894.3260115671246,19.599678976760881,34.750382122941048,0.0
844023369205,12584.203499999996,-5744.1000000000004,14,21,15,8625.6755875998697,-4057.7242806990143,19.595251075703239,34.746828157346037,0.0
844023369250,12880.514400000004,-5435.8800000000001,21,28,12,8837.6917928626026,-3837.5035874698733,19.600084464804286,34.754336246059793,0.0
844023369255,12668.411699999995,-5421.8699999999999,0,7,15,8717.6016170965377,-3836.2086516757886,19.601389094321942,34.751178240038087,0.0
844023369315,12540.165599999993,-5702.0699999999997,29,4,13,8625.4600656222738,-4035.9738640061842,19.595928522441511,34.747027293098526,0.0
844023369975,12706.208700000005,-5463.8999999999996,10,17,5,8706.7324169973435,-3847.0902025503901,19.600999768263179,34.750906402706207,0.0
844023370080,12731.084400000003,-5421.8699999999999,21,28,11,8736.0413254085506,-3825.7807439865678,19.601355848931025,34.751882072069932,0.0
844023371040,12669.554400000005,-5407.8599999999997,21,28,13,8693.7191874686705,-3818.5251271833845,19.601832747092015,34.750975679324547,0.0
844023371180,12959.536500000002,-5519.9399999999996,4,10,19,8908.5395872699773,-3894.4013554833991,19.597101881848758,34.756005391381713,0.0
844023371575,12452.353499999996,-5575.9799999999996,14,21,8,8537.323935947441,-3930.0561829995145,19.599774379013436,34.745941934897637,0.0
844023371885,12397.503899999998,-5435.8800000000001,6,13,10,8505.994821239603,-3834.1963118282947,19.603113236958858,34.745978282814491,0.0
844023371950,12611.013000000004,-5421.8699999999999,31,6,14,8678.7234138561216,-3839.0774304245092,19.601123672606249,34.75050271916701,0.0
844023372310,12519.596999999992,-5505.9300000000003,19,26,9,8584.9034206368815,-3871.4532443722283,19.600956937093823,34.747814951680091,0.0
844023373020,12747.609599999996,-5379.8400000000001,17,24,14,8735.9733987923573,-3797.8391108673827,19.601512470637868,34.752587702907952,0.0
844023373180,12812.2161,-5281.7699999999995,12,19,13,8784.2342843172046,-3727.4044972889783,19.603238751376729,34.75448355484167,0.0
844023373340,12702.516900000004,-5379.8400000000001,28,3,13,8728.8978781289334,-3807.0645131985198,19.601233363632822,34.752346621028565,0.0
844023373590,12645.645599999994,-5365.8299999999999,29,4,14,8694.7131063830329,-3798.8706005376757,19.601811774621709,34.75153504502758,0.0
844023373710,13062.467399999994,-5281.7699999999995,11,17,13,8955.9827065281588,-3729.905260573888,19.6012556422316,34.759037670854859,0.0
844023373995,12906.356999999993,-5421.8699999999999,19,25,14,8846.6700276421871,-3822.0709562190123,19.599393947379966,34.755377503997799,0.0
844023374040,12892.908300000003,-5575.9799999999996,18,24,18,8835.1062972630552,-3934.014286498134,19.595907959253015,34.754108647944257,0.0
844023374110,12571.194299999999,-5505.9300000000003,30,5,14,8648.6108757509319,-3897.0375792990571,19.599041827923863,34.749513136641831,0.0
844023374120,12631.669499999993,-5463.8999999999996,26,1,15,8676.8675076390864,-3890.9386650734946,19.598937795598189,34.750312810212435,0.0
844023374200,12601.695599999994,-5365.8299999999999,29,4,15,8664.5550819752771,-3799.7179965126015,19.601978004173692,34.750785245624989,0.0
844023374335,12677.289599999996,-5421.8699999999999,17,24,16,8687.6292409673297,-3828.1214925334489,19.600788854927025,34.751162842479566,0.0
844023374375,12544.8243,-5519.9399999999996,30,5,13,8631.5200517634057,-3906.3803698138213,19.598855364216849,34.749009054278602,0.0
844023374535,12640.986900000004,-5337.8099999999995,28,3,11,8687.1988082703338,-3774.4594659552581,19.602467386848303,34.75163665226664,0.0
844023375000,12273.916500000001,-5365.8299999999999,4,11,17,8432.5925818956039,-3790.8765309582823,19.604505115979848,34.744823910060752,0.0
844023375120,12702.604800000006,-5393.8500000000004,13,20,17,8705.0358171055923,-3803.5922353998371,19.601195530170823,34.751916649365526,0.0
844023375165,12685.552200000002,-5393.8500000000004,15,22,12,8691.3025638012532,-3801.6053209671618,19.601391391747306,34.751575508571044,0.0
844023376095,12956.459999999999,-5211.7200000000003,9,16,11,8878.0718104870575,-3678.6817481146445,19.60311803178212,34.757648650036273,0.0
844023376425,12370.606500000002,-5632.0199999999995,4,11,12,8502.7669061135985,-3975.6116843377754,19.597443928822457,34.745181631195742,0.0
844023376520,12681.860400000001,-5085.6300000000001,1,8,18,8720.9262641967798,-3590.2041102062703,19.607504764574575,34.754275908491415,0.0
844023376640,12863.901299999992,-5547.96,8,14,13,8813.8675666887357,-3912.1634832090826,19.596151404490804,34.753947474977025,0.0
844023377025,12474.592200000001,-5589.9899999999998,15,22,15,8544.9571738546329,-3945.4688946478263,19.597804895597115,34.746563900826231,0.0
844023377240,12837.970800000003,-5029.5900000000001,25,0,17,8815.0017567847735,-3593.4073861697721,19.606228921166025,34.756742563971017,0.0
844023377530,12372.628199999997,-5561.9700000000003,27,2,16,8502.8843100042322,-3942.6789220718383,19.598234900027879,34.745489705234675,0.0
844023377585,12782.1543,-5407.8599999999997,30,5,12,8791.6875866981682,-3822.8546743826846,19.599032549195261,34.754150834162495,0.0
844023378185,12939.407399999995,-5225.7299999999996,11,18,16,8866.9133844143707,-3690.0318968651081,19.602363781652258,34.75728698960836,0.0
844023378215,12603.277799999996,-5323.8000000000002,3,10,18,8665.1657227696069,-3758.2573433002426,19.602287133367795,34.751370672978084,0.0
844023378295,12692.232600000003,-5281.7699999999995,7,14,14,8693.2461270084586,-3726.0012470717711,19.603004341891065,34.752388764395469,0.0
844023378380,12712.361699999996,-5477.9099999999999,0,7,15,8748.1464401629783,-3875.9280970651025,19.59758475313955,34.752538622543007,0.0
844023378750,12668.499599999997,-5309.79,17,24,13,8683.0751252398641,-3746.6234953610074,19.602315551188337,34.751929700735701,0.0
844023378790,12597.5643,-5379.8400000000001,30,5,16,8663.401931164999,-3806.7382735517008,19.60057968301221,34.750889306158925,0.0
844023378840,12750.598199999999,-5477.9099999999999,27,1,20,8762.8544114672823,-3887.7381135893193,19.59691565993252,34.752812330384934,0.0
844023379505,13053.15,-5407.8599999999997,9,15,21,8950.2726971197626,-3799.7477244463194,19.597595924713243,34.758530465874223,0.0
844023379635,12789.449999999999,-5253.75,9,16,15,8765.0577947466154,-3714.5811506466293,19.602249471089543,34.754381679690105,0.0
844023380420,12782.242200000001,-5155.6800000000003,15,22,8,8754.4314886597185,-3627.8991816341695,19.604965992076473,34.754842016603334,0.0
844023380485,12559.855199999991,-5337.8099999999995,5,12,15,8628.9354167332785,-3776.5861139428666,19.601497514699705,34.750240903426786,0.0
844023380615,12645.733499999995,-5351.8199999999997,14,21,9,8667.844847986511,-3769.5000268598137,19.601289730164972,34.751324642527884,0.0
844023380900,12946.615199999991,-5043.6000000000004,5,12,17,8888.5765468573682,-3563.3903783946721,19.605531120792307,34.758923911942141,0.0
844023380965,12945.033000000005,-5099.6400000000003,31,6,17,8898.2989418630932,-3606.4662572412822,19.604031866291994,34.75880563086406,0.0
844023381415,12763.607399999994,-5043.6000000000004,11,18,14,8746.7182225298966,-3561.6009277155199,19.606943055897776,34.755198197092355,0.0
844023381495,12570.139499999992,-5267.7600000000002,26,1,15,8633.6730448482758,-3750.9276636041973,19.602028073774584,34.750577965747674,0.0
844023381650,12970.875599999994,-5309.79,29,3,20,8914.6090784161497,-3746.7724977316684,19.599159647027406,34.758032226117095,0.0
844023381890,12581.566500000003,-5547.96,4,11,11,8647.8458236054648,-3915.8372048836163,19.596469404699203,34.749532469621755,0.0
844023382180,12493.226999999992,-4973.5500000000002,19,26,12,8562.4859322709581,-3499.5144323392378,19.610671610188046,34.75087109862767,0.0
844023382235,12563.459100000007,-5001.5699999999997,2,9,15,8638.6556477636041,-3540.563472464627,19.608538814357267,34.752523324565921,0.0
844023382435,12506.148300000003,-5127.6599999999999,18,25,15,8567.7799586898473,-3616.9559080618187,19.606786234468625,34.749979509044557,0.0
844023382605,12264.599100000007,-5505.9300000000003,2,9,17,8435.9964855090111,-3897.7569922814937,19.599115230574565,34.744061453121752,0.0
844023382890,12603.805199999992,-5281.7699999999995,5,12,15,8658.9153472017242,-3736.2263682278676,19.601893975777607,34.751325628981967,0.0
844023383880,12699.528300000002,-5029.5900000000001,18,25,18,8697.6233734282578,-3542.6940315959837,19.607458595374979,34.753955637573156,0.0
844023385135,13003.046999999993,-5057.6099999999997,19,26,13,8906.1819755865436,-3557.7000631849787,19.604521231410683,34.759200344513388,0.0
844023385240,12733.545599999994,-5533.9499999999998,29,3,9,8754.8683382821055,-3911.2595243489732,19.594718326821805,34.752135582643412,0.0
844023385550,12652.941299999993,-5267.7600000000002,8,15,14,8669.0295357851974,-3717.6476071497013,19.601732475244553,34.751509661180521,0.0
844023385665,12224.253000000006,-5463.8999999999996,31,6,15,8415.4509885520019,-3871.0329926818645,19.599434121403558,34.743476215811754,0.0
844023385755,12493.139100000006,-4889.4899999999998,2,9,17,8588.7852604873187,-3456.9980402950559,19.610878513967673,34.751622742319029,0.0
844023385810,12630.263099999993,-5127.6599999999999,22,29,18,8658.6238314319398,-3636.5357669350237,19.604355864011705,34.75190709255142,0.0
844023386810,12901.698300000002,-5155.6800000000003,18,25,18,8836.8852110547887,-3630.1767108969361,19.602468395602362,34.75649931930603,0.0
844023386815,12481.360500000004,-4945.5299999999997,24,31,15,8556.3026117333739,-3545.9115776413546,19.60812847434287,34.749820941993669,0.0
844023386990,12518.981699999995,-4875.4799999999996,0,7,17,8610.1660068605906,-3448.8695337355739,19.610646533976301,34.752050073828201,0.0
844023387370,12676.762200000001,-5225.7299999999996,15,22,17,8680.6481090505731,-3684.068911438846,19.602227216981046,34.75184648669763,0.0
844023387515,12714.031799999999,-5407.8599999999997,23,30,8,8723.2748870592732,-3865.6890605903518,19.595894642420156,34.751387707976669,0.0
844023387890,12731.523899999998,-4847.46,6,13,12,8736.7729307176323,-3420.8221491376412,19.60991835082136,34.755558813655703,0.0
844023388665,12599.7618,-5085.6300000000001,23,30,11,8642.5038223651409,-3638.0805456813191,19.603758519898754,34.751161887462779,0.0
844023388865,12592.993499999995,-5421.8699999999999,14,21,20,8634.9775398085549,-3815.0234969533603,19.598115957131167,34.749428599023226,0.0
844023389405,12781.714800000005,-4931.5199999999995,13,20,11,8756.2627896228187,-3472.5993480829607,19.607713114920532,34.755533009007571,0.0
844023389945,13004.541299999993,-5113.6499999999996,8,15,11,8903.6324829930927,-3601.227465049074,19.601892098747072,34.75823445399206,0.0
844023390220,12716.493000000006,-5337.8099999999995,31,6,13,8749.6880735493651,-3777.3111561786573,19.597786868073925,34.75261063188357,0.0
844023390255,12350.389499999992,-4861.4700000000003,26,1,16,8479.0113101665629,-3463.3667639464375,19.610713415171936,34.748176793812092,0.0
844023390280,13036.009499999993,-5239.7399999999998,26,0,14,8952.7017525385745,-3742.2379808938476,19.596760640441858,34.758264632257216,0.0
844023390475,12695.396999999992,-5183.6999999999998,19,26,15,8698.860965576594,-3651.7960244762303,19.602289809092248,34.752320485320865,0.0
844023390515,12592.905599999993,-5155.6800000000003,29,4,17,8655.7498069926514,-3650.6564123653129,19.602770179278725,34.751186988163987,0.0
844023391355,12623.406900000004,-5141.6700000000001,28,3,19,8673.0133798305105,-3632.9303192436037,19.602981487657196,34.75168606459485,0.0
844023391420,12570.139499999992,-5183.6999999999998,26,1,12,8634.3098549658516,-3688.6797313574812,19.601588022457019,34.750173989536975,0.0
844023391865,12526.804800000005,-4819.4399999999996,13,20,12,8582.5990669916282,-3391.70076618351,19.611605266946096,34.751321715032816,0.0
844023392240,12347.400899999991,-5071.6199999999999,16,23,16,8458.7410946305517,-3576.3609918851694,19.606889566591672,34.746407808574723,0.0
844023392560,12640.986900000004,-5463.8999999999996,28,3,12,8688.7863247682399,-3866.1806244688833,19.59506983477684,34.749932531151472,0.0
844023393525,12643.184400000004,-5197.71,21,28,16,8671.0825512902647,-3668.6627896017108,19.601392909563398,34.751052069801986,0.0
844023393650,12637.910400000001,-5155.6800000000003,1,8,17,8691.3641103136815,-3642.4386926678794,19.602000541385685,34.751798347000964,0.0
844023393670,12568.117799999996,-5169.6899999999996,3,10,16,8639.6219790867617,-3654.333765334055,19.602159748836787,34.750327115568204,0.0
844023393750,12436.355699999998,-5057.6099999999997,20,27,16,8531.7771775358069,-3566.145068100971,19.606114568473583,34.748233088728092,0.0
844023394100,12544.384800000005,-5197.71,13,20,13,8597.6742437223584,-3664.732033632004,19.602192111574919,34.749079227880031,0.0
844023394170,12292.551299999994,-5337.8099999999995,8,15,8,8428.968356262174,-3760.9748125372926,19.600863324753828,34.743787334634213,0.0
844023394265,12483.2943,-4777.4099999999999,30,5,12,8583.6471714053332,-3375.9946214286765,19.611584768837698,34.751191866752144,0.0
844023395295,12520.6518,-5267.7600000000002,23,30,12,8590.0466782540243,-3770.9265266337416,19.598636536889931,34.74782812025591,0.0
844023395880,12421.324800000006,-4875.4799999999996,13,20,9,8510.3697089313828,-3427.464423968534,19.610400902524486,34.748594522774013,0.0
844023395985,12461.055599999994,-4805.4300000000003,29,4,16,8564.4651956310245,-3400.6210454869679,19.610674470211183,34.750236413983956,0.0
844023396030,12680.366099999999,-5337.8099999999995,12,19,7,8691.3028719256836,-3765.5481651896548,19.597607324695172,34.750422491438727,0.0
844023396235,12564.601799999999,-5407.8599999999997,23,30,10,8621.0046879766487,-3867.4302007373271,19.59503991762643,34.747666428588623,0.0
844023396450,12667.8843,-5491.9200000000001,30,5,14,8713.194168058697,-3886.9418656917587,19.5934058940319,34.749911032779544,0.0
844023396660,12670.0818,-5057.6099999999997,23,30,11,8689.950020481032,-3618.0913003851365,19.602252069539727,34.751604110067554,0.0
844023397025,12811.161299999992,-5127.6599999999999,8,15,4,8768.2373505571231,-3604.066697890275,19.601815309858537,34.7537553726536,0.0
844023397175,12482.239499999992,-5127.6599999999999,26,1,15,8571.9502550772086,-3653.2590041464109,19.602269466175343,34.748120920611093,0.0
844023397270,12611.628300000002,-5253.75,18,25,16,8640.5745308280239,-3704.8295195508313,19.599869926160654,34.749468614039245,0.0
844023397740,12611.013000000004,-5113.6499999999996,31,6,13,8676.19181599269,-3619.6050684730189,19.602132294065409,34.751059171601035,0.0
844023397895,12677.289599999996,-5127.6599999999999,17,24,17,8684.2070829112872,-3617.2606299825457,19.602090070367119,34.751262373370494,0.0
844023398455,12759.388199999998,-4959.54,27,2,14,8759.4712400132157,-3517.267912610248,19.604399225866516,34.754001848226054,0.0
844023398460,12908.9061,-4819.4399999999996,12,19,16,8843.5387072703779,-3401.3847201892399,19.607236336835768,34.757222263239704,0.0
844023398985,12658.654800000006,-5141.6700000000001,13,20,14,8673.8389278922568,-3627.0435023734804,19.601671048746365,34.750683996109252,0.0
844023399665,12526.189499999993,-4749.3900000000003,26,1,10,8599.6807805723056,-3374.3673313443946,19.61053880412323,34.750788736122473,0.0
844023400000,12829.268700000004,-5463.8999999999996,10,16,7,8798.421619159657,-3857.0118329265342,19.592925418256662,34.751798433138639,0.0
844023400130,12545.439599999996,-4931.5199999999995,17,24,18,8594.2338921550727,-3472.8036545851046,19.607390263151171,34.749706807399811,0.0
844023400170,12689.683499999996,-5435.8800000000001,14,21,14,8698.3607728034785,-3837.0937941104507,19.594582338647729,34.749295839518247,0.0
844023400450,12758.948700000004,-5183.6999999999998,10,17,12,8746.2844628936527,-3660.9901146889542,19.599674673905582,34.752028773860516,0.0
844023400685,12360.322200000001,-5127.6599999999999,15,22,12,8466.913679177178,-3613.5634985220081,19.604088811322161,34.745018068504329,0.0
844023400785,12511.334400000003,-4973.5500000000002,21,28,15,8580.0559043016983,-3508.7858715610118,19.606242147492708,34.748891025348684,0.0
844023401050,12729.502200000001,-5113.6499999999996,15,22,17,8715.139236404224,-3604.0089848811836,19.601708716816404,34.751580369473288,0.0
844023401190,12428.005199999992,-5099.6400000000003,5,12,10,8538.2247884944027,-3601.7450494817758,19.603626216387731,34.746902292424572,0.0
844023401520,12825.049499999992,-5281.7699999999995,26,1,14,8808.5435522187254,-3758.9168682562649,19.59568886694159,34.752612156745094,0.0
844023401750,12997.860899999991,-5043.6000000000004,16,23,20,8900.334325136826,-3540.920163718522,19.601696705676222,34.75687533842072,0.0
844023402265,12320.415599999993,-5029.5900000000001,29,4,15,8472.8776128626996,-3564.0018555853057,19.605372383392368,34.745316845309205,0.0
844023402360,12694.869599999996,-5099.6400000000003,17,24,19,8696.6257953417226,-3590.7246136950835,19.602140047476027,34.750982217355691,0.0
844023402480,12986.521799999999,-5057.6099999999997,23,30,9,8903.8572877623319,-3611.7986597337517,19.599257846287042,34.756257891297999,0.0
844023402845,12657.072600000003,-4721.3699999999999,7,14,12,8664.3752606216403,-3324.863303383846,19.610927181469837,34.752381848886934,0.0
844023403200,12693.199499999992,-4707.3599999999997,26,1,16,8710.4537103678722,-3351.6961757052059,19.609681634582437,34.753417387205531,0.0
844023403680,12685.552200000002,-5505.9300000000003,15,22,14,8691.2517132289886,-3884.6160333208809,19.593066773173284,34.748454391553331,0.0
844023403755,12391.263000000004,-5323.8000000000002,31,6,18,8528.1275278192552,-3766.0963707200444,19.598639177748733,34.745198215871937,0.0
844023403805,12761.585699999998,-5029.5900000000001,20,27,15,8747.9976950271612,-3546.1661396245331,19.603421247257199,34.752920538214056,0.0
844023403860,12722.294400000004,-5085.6300000000001,21,28,12,8724.3708436066754,-3586.0293606226764,19.602424105269016,34.751969703573913,0.0
844023403880,12405.766500000002,-5057.6099999999997,4,11,13,8523.7037990465687,-3573.8154717171064,19.604941677706449,34.746784956251382,0.0
